date,dau,buy_count,buy_users
2017-11-01,15,0,0
2017-11-02,51,0,0
2017-11-03,55,0,0
2017-11-04,19,0,0
2017-11-05,28,0,0
2017-11-06,22,0,0
2017-11-07,19,0,0
2017-11-08,14,0,0
2017-11-09,18,0,0
2017-11-10,35,0,0
2017-11-11,100,0,0
2017-11-12,89,0,0
2017-11-13,43,0,0
2017-11-14,81,0,0
2017-11-15,82,0,0
2017-11-16,89,0,0
2017-11-17,135,0,0
2017-11-18,240,0,0
2017-11-19,459,0,0
2017-11-20,410,0,0
2017-11-21,569,0,0
2017-11-22,1276,0,0
2017-11-23,3714,0,0
2017-11-24,33616,0,0
2017-11-25,706641,201145,132622
2017-11-26,715516,205644,136048
2017-11-27,710094,226835,146934
2017-11-28,709257,212000,139845
2017-11-29,718922,223072,146220
2017-11-30,730597,221463,146128
2017-12-01,740139,210016,139971
2017-12-02,970401,257907,174487
2017-12-03,966977,257757,173225
2017-12-04,158,0,0
2017-12-05,5,0,0
2017-12-06,7,0,0
2017-12-07,8,0,0
2017-12-08,3,0,0
2017-12-09,5,0,0
2017-12-10,3,0,0
2017-12-11,3,0,0
2017-12-12,2,0,0
2017-12-13,5,0,0
2017-12-14,5,0,0
2017-12-15,1,0,0
2017-12-16,2,0,0
2017-12-19,1,0,0
2017-12-21,1,0,0
2017-12-24,1,0,0
2017-12-26,2,0,0
2017-12-27,1,0,0
2017-12-30,1,0,0
2017-12-31,2,0,0
2018-01-01,2,0,0
