hour,behavior_type,cnt
0,buy,57776
0,cart,181807
0,fav,105681
0,pv,3058032
1,buy,23169
1,cart,85412
1,fav,51374
1,pv,1422113
2,buy,12012
2,cart,46155
2,fav,27791
2,pv,769452
3,buy,8026
3,cart,32552
3,fav,18384
3,pv,525123
4,buy,6748
4,cart,28537
4,fav,14793
4,pv,449758
5,buy,8135
5,cart,37264
5,fav,18992
5,pv,581790
6,buy,18014
6,cart,81305
6,fav,40524
6,pv,1226928
7,buy,37679
7,cart,147046
7,fav,74666
7,pv,2229448
8,buy,64917
8,cart,192036
8,fav,103721
8,pv,3042989
9,buy,96134
9,cart,229890
9,fav,127976
9,pv,3729334
10,buy,127933
10,cart,266963
10,fav,147752
10,pv,4335879
11,buy,122048
11,cart,260831
11,fav,145412
11,pv,4214890
12,buy,118591
12,cart,255811
12,fav,140862
12,pv,4257188
13,buy,123427
13,cart,279829
13,fav,150844
13,pv,4655575
14,buy,122172
14,cart,277093
14,fav,148561
14,pv,4643604
15,buy,122733
15,cart,284269
15,fav,151321
15,pv,4808560
16,buy,116446
16,cart,279035
16,fav,148722
16,pv,4609825
17,buy,101301
17,cart,255342
17,fav,137631
17,pv,4205814
18,buy,95907
18,cart,253193
18,fav,133262
18,pv,4316075
19,buy,115032
19,cart,314774
19,fav,161057
19,pv,5434197
20,buy,133863
20,cart,393209
20,fav,191406
20,pv,6590407
21,buy,145433
21,cart,465924
21,fav,219974
21,pv,7544017
22,buy,138268
22,cart,486249
22,fav,232222
22,pv,7450120
23,buy,100075
23,cart,395920
23,fav,195330
23,pv,5612146
