antecedent_category,consequent_category,support,confidence,lift,pair_baskets,antecedent_baskets,consequent_baskets,total_baskets
1258177,3214361,0.000525,0.4074,316.4198,11,27,27,20970
3214361,1258177,0.000525,0.4074,316.4198,11,27,27,20970
3253210,1689352,0.00062,0.2708,120.8378,13,48,47,20970
1689352,3253210,0.00062,0.2766,120.8378,13,47,48,20970
2072473,3214361,0.000572,0.129,100.2151,12,93,27,20970
3214361,2072473,0.000572,0.4444,100.2151,12,27,93,20970
3343095,360294,0.000525,0.3056,92.8623,11,36,69,20970
360294,3343095,0.000525,0.1594,92.8623,11,69,36,20970
3354186,5046132,0.00062,0.2453,82.961,13,53,62,20970
5046132,3354186,0.00062,0.2097,82.961,13,62,53,20970
3015852,2158079,0.001049,0.3099,79.2408,22,71,82,20970
2158079,3015852,0.001049,0.2683,79.2408,22,82,71,20970
3354186,2774299,0.000715,0.283,69.0105,15,53,86,20970
2774299,3354186,0.000715,0.1744,69.0105,15,86,53,20970
3087458,2794147,0.000668,0.1867,65.24,14,75,60,20970
2794147,3087458,0.000668,0.2333,65.24,14,60,75,20970
3214361,2945933,0.000525,0.4074,61.0238,11,27,140,20970
4874384,2304296,0.00062,0.1733,59.5869,13,75,61,20970
2304296,4874384,0.00062,0.2131,59.5869,13,61,75,20970
4874384,2218582,0.000572,0.16,58.8632,12,75,57,20970
2218582,4874384,0.000572,0.2105,58.8632,12,57,75,20970
4731191,383749,0.00062,0.1494,58.0268,13,87,54,20970
383749,4731191,0.00062,0.2407,58.0268,13,54,87,20970
2476560,4138583,0.000858,0.2045,50.4626,18,88,85,20970
4138583,2476560,0.000858,0.2118,50.4626,18,85,88,20970
3430419,901282,0.000763,0.2286,38.0408,16,70,126,20970
901282,3430419,0.000763,0.127,38.0408,16,126,70,20970
1379146,235534,0.001621,0.2237,32.574,34,152,144,20970
235534,1379146,0.001621,0.2361,32.574,34,144,152,20970
2794147,366112,0.000763,0.2667,31.2402,16,60,179,20970
3774512,339305,0.000572,0.1212,30.2597,12,99,84,20970
339305,3774512,0.000572,0.1429,30.2597,12,84,99,20970
3087458,366112,0.000811,0.2267,26.5542,17,75,179,20970
1074254,4758477,0.000715,0.1376,24.8774,15,109,116,20970
4758477,1074254,0.000715,0.1293,24.8774,15,116,109,20970
2590256,4882154,0.00062,0.1368,23.9132,13,95,120,20970
4882154,2590256,0.00062,0.1083,23.9132,13,120,95,20970
3774512,2629787,0.000572,0.1212,23.5354,12,99,108,20970
2629787,3774512,0.000572,0.1111,23.5354,12,108,99,20970
3975787,1595193,0.000715,0.1145,21.2491,15,131,113,20970
1595193,3975787,0.000715,0.1327,21.2491,15,113,131,20970
3087458,3158249,0.000811,0.2267,19.0892,17,75,249,20970
2590256,874415,0.000525,0.1158,16.8618,11,95,144,20970
1231891,3371868,0.000525,0.1209,16.5676,11,91,153,20970
2794147,3158249,0.000525,0.1833,15.4398,11,60,249,20970
3277224,4919077,0.000525,0.1375,15.1757,11,80,190,20970
339580,3231625,0.000811,0.1619,13.7455,17,105,247,20970
3087458,3776866,0.000715,0.2,13.4423,15,75,312,20970
722945,1516409,0.000525,0.1667,13.041,11,66,268,20970
3702593,411153,0.000858,0.1607,12.8633,18,112,262,20970
1074254,3158249,0.000715,0.1376,11.5895,15,109,249,20970
2629787,4919077,0.000525,0.1019,11.2412,11,108,190,20970
4069500,2926020,0.000668,0.1197,11.1521,14,117,225,20970
2558244,3738615,0.000954,0.1869,11.1038,20,107,353,20970
5071267,1051370,0.000858,0.1011,10.8747,18,178,195,20970
384755,2520771,0.00062,0.1884,10.4798,13,69,377,20970
2640118,2578647,0.003147,0.1011,9.858,66,653,215,20970
2578647,2640118,0.003147,0.307,9.858,66,215,653,20970
4148053,2939262,0.000858,0.18,9.5318,18,100,396,20970
1884322,3158249,0.000525,0.11,9.2639,11,100,249,20970
5071267,1879194,0.001669,0.1966,9.2244,35,178,447,20970
4339722,2640118,0.001574,0.287,9.2151,33,115,653,20970
1792277,2640118,0.001478,0.2818,9.0501,31,110,653,20970
2578647,3738615,0.001526,0.1488,8.8417,32,215,353,20970
200278,1567637,0.000954,0.1124,8.7917,20,178,268,20970
1851156,5053508,0.001335,0.1327,8.5623,28,211,325,20970
4919077,866301,0.001192,0.1316,8.438,25,190,327,20970
1568197,965809,0.000525,0.1183,8.3795,11,93,296,20970
886203,2640118,0.001383,0.2479,7.9597,29,117,653,20970
285583,846990,0.000763,0.1111,7.9522,16,144,293,20970
2558244,2640118,0.00124,0.243,7.8032,26,107,653,20970
4339722,3738615,0.000715,0.1304,7.7485,15,115,353,20970
886203,3738615,0.000715,0.1282,7.616,15,117,353,20970
5071267,5053508,0.001001,0.118,7.6123,21,178,325,20970
5071267,1029459,0.001192,0.1404,7.5713,25,178,389,20970
1074254,3776866,0.000572,0.1101,7.3994,12,109,312,20970
3158249,3776866,0.001288,0.1084,7.288,27,249,312,20970
4022701,2640118,0.001955,0.2265,7.2743,41,181,653,20970
2629787,866301,0.000572,0.1111,7.1254,12,108,327,20970
3720767,2640118,0.001097,0.217,6.968,23,106,653,20970
1051370,1299190,0.001526,0.1641,6.7741,32,195,508,20970
3776866,1265358,0.001526,0.1026,6.5975,32,312,326,20970
3624696,1029459,0.000572,0.1176,6.3421,12,102,389,20970
4022701,3738615,0.000906,0.105,6.2359,19,181,353,20970
4170419,1029459,0.001288,0.1139,6.1414,27,237,389,20970
381850,2640118,0.00186,0.1902,6.1094,39,205,653,20970
4148053,1879194,0.00062,0.13,6.0987,13,100,447,20970
1029459,1879194,0.002384,0.1285,6.0299,50,389,447,20970
1879194,1029459,0.002384,0.1119,6.0299,50,447,389,20970
5071267,1299190,0.00124,0.1461,6.0296,26,178,508,20970
3738615,2640118,0.003147,0.187,6.0042,66,353,653,20970
2640118,3738615,0.003147,0.1011,6.0042,66,653,353,20970
1216617,2640118,0.001383,0.1758,5.6442,29,165,653,20970
245312,1299190,0.00124,0.1361,5.6192,26,191,508,20970
5053508,1029459,0.001574,0.1015,5.4737,33,325,389,20970
634390,2640118,0.001192,0.1678,5.3881,25,149,653,20970
3004853,1299190,0.000906,0.1301,5.372,19,146,508,20970
5053508,1879194,0.001764,0.1138,5.3408,37,325,447,20970
3189162,4357323,0.000811,0.1478,5.272,17,115,588,20970
1080785,2465336,0.001049,0.1183,5.2217,22,186,475,20970
